{
  "metadata": {
    "timestamp": "2025-10-26T15:20:56.713082",
    "num_requests": 100,
    "warmup": 10,
    "scenarios": [
      {
        "name": "Local HTTP",
        "key": "local"
      },
      {
        "name": "Remote HTTP",
        "key": "remote_http"
      },
      {
        "name": "Remote HTTPS",
        "key": "remote_https"
      },
      {
        "name": "HTTP/2",
        "key": "http2"
      }
    ],
    "libraries": [
      "httpmorph",
      "requests",
      "httpx",
      "aiohttp",
      "urllib3",
      "urllib"
    ]
  },
  "results": {
    "httpmorph": {
      "Local HTTP": {
        "mean": 0.27254662476480007,
        "median": 0.25766697945073247,
        "min": 0.20650005899369717,
        "max": 0.4330839728936553,
        "stdev": 0.045937322902633075,
        "total": 0.027254662476480007
      },
      "Remote HTTP": {
        "mean": 190.49870869144797,
        "median": 184.19335398357362,
        "min": 170.408625039272,
        "max": 507.4062920175493,
        "stdev": 34.62441801342177,
        "total": 19.049870869144797
      },
      "Remote HTTPS": {
        "mean": 115.2929316344671,
        "median": 115.45233300421387,
        "min": 108.51695796009153,
        "max": 138.60412500798702,
        "stdev": 4.601453438457919,
        "total": 11.52929316344671
      },
      "HTTP/2": {
        "mean": 582.7729346463457,
        "median": 580.9119999757968,
        "min": 550.8386250585318,
        "max": 715.1305420557037,
        "stdev": 21.098651691137857,
        "total": 58.27729346463457
      }
    },
    "requests": {
      "Local HTTP": {
        "mean": 0.9108867030590773,
        "median": 0.8720624609850347,
        "min": 0.7766670314595103,
        "max": 1.377166947349906,
        "stdev": 0.11149507817177624,
        "total": 0.09108867030590773
      },
      "Remote HTTP": {
        "mean": 348.7078896246385,
        "median": 346.43327101366594,
        "min": 335.24924993980676,
        "max": 406.9912920240313,
        "stdev": 9.681608420159233,
        "total": 34.87078896246385
      },
      "Remote HTTPS": {
        "mean": 373.17542047356255,
        "median": 369.49925002409145,
        "min": 352.9070840450004,
        "max": 482.3287919862196,
        "stdev": 16.23956669010903,
        "total": 37.317542047356255
      },
      "HTTP/2": {
        "error": "Not supported"
      }
    },
    "httpx": {
      "Local HTTP": {
        "mean": 0.9054803906474262,
        "median": 0.865062465891242,
        "min": 0.776708940975368,
        "max": 1.417833031155169,
        "stdev": 0.12107319130535225,
        "total": 0.09054803906474262
      },
      "Remote HTTP": {
        "mean": 348.712895027129,
        "median": 347.1795624936931,
        "min": 336.6012079641223,
        "max": 374.5174999348819,
        "stdev": 8.157799942258775,
        "total": 34.8712895027129
      },
      "Remote HTTPS": {
        "mean": 349.4963619974442,
        "median": 348.1240830151364,
        "min": 336.23066695872694,
        "max": 403.99087499827147,
        "stdev": 8.96579418487297,
        "total": 34.94963619974442
      },
      "HTTP/2": {
        "mean": 446.7818767298013,
        "median": 408.4382079890929,
        "min": 393.70129094459116,
        "max": 1416.2016659975052,
        "stdev": 182.2782225114413,
        "total": 44.67818767298013
      }
    },
    "aiohttp": {
      "Local HTTP": {
        "mean": 0.8303175494074821,
        "median": 0.5993954255245626,
        "min": 0.5253340350463986,
        "max": 9.972583968192339,
        "stdev": 1.0737727310303085,
        "total": 0.08303175494074821
      },
      "Remote HTTP": {
        "mean": 349.2435667256359,
        "median": 347.8724374435842,
        "min": 333.0709580332041,
        "max": 396.33391704410315,
        "stdev": 9.902585852043895,
        "total": 34.92435667256359
      },
      "Remote HTTPS": {
        "mean": 350.7270541496109,
        "median": 348.56493753613904,
        "min": 337.7983750542626,
        "max": 438.3175000548363,
        "stdev": 10.84242082317836,
        "total": 35.07270541496109
      },
      "HTTP/2": {
        "error": "Not supported"
      }
    },
    "urllib3": {
      "Local HTTP": {
        "mean": 0.6152308348100632,
        "median": 0.5066459416411817,
        "min": 0.281207961961627,
        "max": 1.8770829774439335,
        "stdev": 0.3037594989891443,
        "total": 0.061523083481006324
      },
      "Remote HTTP": {
        "mean": 351.44371004542336,
        "median": 349.4704374461435,
        "min": 334.77258309721947,
        "max": 426.6994580393657,
        "stdev": 12.953792958690656,
        "total": 35.144371004542336
      },
      "Remote HTTPS": {
        "mean": 372.47159290942363,
        "median": 371.03570852195844,
        "min": 352.37370897084475,
        "max": 399.96916602831334,
        "stdev": 8.45819304606887,
        "total": 37.24715929094236
      },
      "HTTP/2": {
        "error": "Not supported"
      }
    },
    "urllib": {
      "Local HTTP": {
        "mean": 23.187200820539147,
        "median": 21.968562505207956,
        "min": 21.20479103177786,
        "max": 42.03279200010002,
        "stdev": 4.533225538916196,
        "total": 2.3187200820539147
      },
      "Remote HTTP": {
        "mean": 380.3359216055833,
        "median": 374.8229789780453,
        "min": 353.6577089689672,
        "max": 488.008875050582,
        "stdev": 21.666004823418437,
        "total": 38.03359216055833
      },
      "Remote HTTPS": {
        "mean": 374.6378491958603,
        "median": 372.64237500494346,
        "min": 356.94604099262506,
        "max": 409.6824580337852,
        "stdev": 10.425290016980412,
        "total": 37.46378491958603
      },
      "HTTP/2": {
        "error": "Not supported"
      }
    }
  }
}