{
  "metadata": {
    "timestamp": "2025-10-26T14:54:32.542573",
    "num_requests": 25,
    "warmup": 5,
    "scenarios": [
      {
        "name": "Local HTTP",
        "key": "local"
      },
      {
        "name": "Remote HTTP",
        "key": "remote_http"
      },
      {
        "name": "Remote HTTPS",
        "key": "remote_https"
      },
      {
        "name": "HTTP/2",
        "key": "http2"
      }
    ],
    "libraries": [
      "httpmorph",
      "requests",
      "httpx",
      "aiohttp",
      "urllib3",
      "urllib"
    ]
  },
  "results": {
    "httpmorph": {
      "Local HTTP": {
        "mean": 0.327430022880435,
        "median": 0.3113339189440012,
        "min": 0.25895796716213226,
        "max": 0.4493329906836152,
        "stdev": 0.05797079354045443,
        "total": 0.008185750572010875
      },
      "Remote HTTP": {
        "mean": 176.84568325057626,
        "median": 175.1789579866454,
        "min": 169.14595803245902,
        "max": 192.5767919747159,
        "stdev": 6.313746360386639,
        "total": 4.421142081264406
      },
      "Remote HTTPS": {
        "mean": 116.35690668132156,
        "median": 115.41012499947101,
        "min": 110.22120900452137,
        "max": 125.94441697001457,
        "stdev": 3.7569584078268043,
        "total": 2.908922667033039
      },
      "HTTP/2": {
        "mean": 574.2628133669496,
        "median": 573.4964170260355,
        "min": 553.4312909003347,
        "max": 602.7473750291392,
        "stdev": 11.024109238977365,
        "total": 14.356570334173739
      }
    },
    "requests": {
      "Local HTTP": {
        "mean": 0.8696269243955612,
        "median": 0.8357089245691895,
        "min": 0.7418750319629908,
        "max": 1.1569170746952295,
        "stdev": 0.10216928848036695,
        "total": 0.02174067310988903
      },
      "Remote HTTP": {
        "mean": 347.4788899254054,
        "median": 347.04591694753617,
        "min": 337.1767500648275,
        "max": 361.21900007128716,
        "stdev": 5.6244894304105415,
        "total": 8.686972248135135
      },
      "Remote HTTPS": {
        "mean": 365.6001666467637,
        "median": 363.43645805027336,
        "min": 351.6246660146862,
        "max": 388.1877079838887,
        "stdev": 9.07407148664856,
        "total": 9.140004166169092
      },
      "HTTP/2": {
        "error": "Not supported"
      }
    },
    "httpx": {
      "Local HTTP": {
        "mean": 0.6847281707450747,
        "median": 0.6662500090897083,
        "min": 0.5965409800410271,
        "max": 0.9023749735206366,
        "stdev": 0.071586587858986,
        "total": 0.01711820426862687
      },
      "Remote HTTP": {
        "mean": 348.53181168437004,
        "median": 346.87766700517386,
        "min": 337.24970801267773,
        "max": 369.63433295022696,
        "stdev": 7.649295121033051,
        "total": 8.713295292109251
      },
      "Remote HTTPS": {
        "mean": 344.76809503976256,
        "median": 344.6965840412304,
        "min": 333.57562497258186,
        "max": 361.2895830301568,
        "stdev": 6.4027834918880995,
        "total": 8.619202375994064
      },
      "HTTP/2": {
        "mean": 469.01879500597715,
        "median": 396.5402920730412,
        "min": 380.47608302440494,
        "max": 2068.4012500569224,
        "stdev": 334.5850920323628,
        "total": 11.725469875149429
      }
    },
    "aiohttp": {
      "Local HTTP": {
        "mean": 0.4757350357249379,
        "median": 0.4592499462887645,
        "min": 0.4176660440862179,
        "max": 0.8193330140784383,
        "stdev": 0.07899328311176222,
        "total": 0.011893375893123448
      },
      "Remote HTTP": {
        "mean": 355.6264133565128,
        "median": 348.9450420020148,
        "min": 333.70916603598744,
        "max": 486.28920793998986,
        "stdev": 28.758605355486146,
        "total": 8.89066033391282
      },
      "Remote HTTPS": {
        "mean": 401.3143465016037,
        "median": 346.6762079624459,
        "min": 333.5391660220921,
        "max": 1006.1232500011101,
        "stdev": 164.8903873365604,
        "total": 10.032858662540093
      },
      "HTTP/2": {
        "error": "Not supported"
      }
    },
    "urllib3": {
      "Local HTTP": {
        "mean": 0.2813001489266753,
        "median": 0.26599992997944355,
        "min": 0.23691693786531687,
        "max": 0.37320901174098253,
        "stdev": 0.03865195621331528,
        "total": 0.007032503723166883
      },
      "Remote HTTP": {
        "mean": 349.5407382491976,
        "median": 348.7681249389425,
        "min": 335.6309999944642,
        "max": 372.9874580167234,
        "stdev": 9.103952399020491,
        "total": 8.73851845622994
      },
      "Remote HTTPS": {
        "mean": 367.01514673419297,
        "median": 366.78112496156245,
        "min": 355.5848749820143,
        "max": 381.03962503373623,
        "stdev": 6.321135419839256,
        "total": 9.175378668354824
      },
      "HTTP/2": {
        "error": "Not supported"
      }
    },
    "urllib": {
      "Local HTTP": {
        "mean": 15.458158333785832,
        "median": 15.019124955870211,
        "min": 14.422832988202572,
        "max": 26.360832969658077,
        "stdev": 2.2873683835882526,
        "total": 0.3864539583446458
      },
      "Remote HTTP": {
        "mean": 374.9082015361637,
        "median": 374.7872089734301,
        "min": 358.62404096405953,
        "max": 404.4045000337064,
        "stdev": 11.003721802645583,
        "total": 9.372705038404092
      },
      "Remote HTTPS": {
        "mean": 374.07823672983795,
        "median": 371.79183296393603,
        "min": 360.06691702641547,
        "max": 420.4918750328943,
        "stdev": 12.950679786411728,
        "total": 9.351955918245949
      },
      "HTTP/2": {
        "error": "Not supported"
      }
    }
  }
}